OWNER,TABLE_NAME,TABLESPACE_NAME,CLUSTER_NAME,IOT_NAME,STATUS,PCT_FREE,PCT_USED,INI_TRANS,MAX_TRANS,INITIAL_EXTENT,NEXT_EXTENT,MIN_EXTENTS,MAX_EXTENTS,PCT_INCREASE,FREELISTS,FREELIST_GROUPS,LOGGING,BACKED_UP,NUM_ROWS,BLOCKS,EMPTY_BLOCKS,AVG_SPACE,CHAIN_CNT,AVG_ROW_LEN,AVG_SPACE_FREELIST_BLOCKS,NUM_FREELIST_BLOCKS,DEGREE,INSTANCES,CACHE,TABLE_LOCK,SAMPLE_SIZE,LAST_ANALYZED,PARTITIONED,IOT_TYPE,TEMPORARY,SECONDARY,NESTED,BUFFER_POOL,FLASH_CACHE,CELL_FLASH_CACHE,ROW_MOVEMENT,GLOBAL_STATS,USER_STATS,DURATION,SKIP_CORRUPT,MONITORING,CLUSTER_OWNER,DEPENDENCIES,COMPRESSION,COMPRESS_FOR,DROPPED,READ_ONLY,SEGMENT_CREATED,RESULT_CACHE
SYS,DUAL,SYSTEM,,,VALID,10,40.0,1,255,16384.0,1048576.0,1.0,2147483645.0,,1.0,1.0,YES,N,1.0,1.0,0.0,0.0,0.0,2.0,0.0,0.0,         1,         1,    N,ENABLED,1.0,2014-05-29 13:17:09,NO,,N,N,NO,DEFAULT,DEFAULT,DEFAULT,DISABLED,YES,NO,,DISABLED,YES,,DISABLED,DISABLED,,NO,NO,YES,DEFAULT
SYS,MAP_OBJECT,,,,VALID,10,40.0,1,255,,,,,,1.0,1.0,NO,N,,,,,,,,,         1,         1,    N,ENABLED,,,NO,,Y,N,NO,DEFAULT,DEFAULT,DEFAULT,DISABLED,NO,NO,SYS$SESSION,DISABLED,NO,,DISABLED,DISABLED,BASIC,NO,NO,YES,DEFAULT
SYS,SYSTEM_PRIVILEGE_MAP,SYSTEM,,,VALID,10,40.0,1,255,65536.0,1048576.0,1.0,2147483645.0,,1.0,1.0,YES,N,208.0,1.0,0.0,0.0,0.0,26.0,0.0,0.0,         1,         1,    N,ENABLED,208.0,2014-05-29 13:17:31,NO,,N,N,NO,DEFAULT,DEFAULT,DEFAULT,DISABLED,YES,NO,,DISABLED,YES,,DISABLED,DISABLED,,NO,NO,YES,DEFAULT
SYS,TABLE_PRIVILEGE_MAP,SYSTEM,,,VALID,10,40.0,1,255,65536.0,1048576.0,1.0,2147483645.0,,1.0,1.0,YES,N,26.0,1.0,0.0,0.0,0.0,11.0,0.0,0.0,         1,         1,    N,ENABLED,26.0,2014-05-29 13:17:32,NO,,N,N,NO,DEFAULT,DEFAULT,DEFAULT,DISABLED,YES,NO,,DISABLED,YES,,DISABLED,DISABLED,,NO,NO,YES,DEFAULT
SYS,STMT_AUDIT_OPTION_MAP,SYSTEM,,,VALID,10,40.0,1,255,65536.0,1048576.0,1.0,2147483645.0,,1.0,1.0,YES,N,270.0,2.0,0.0,0.0,0.0,24.0,0.0,0.0,         1,         1,    N,ENABLED,270.0,2014-05-29 13:17:29,NO,,N,N,NO,DEFAULT,DEFAULT,DEFAULT,DISABLED,YES,NO,,DISABLED,YES,,DISABLED,DISABLED,,NO,NO,YES,DEFAULT
OUTLN,OL$,SYSTEM,,,VALID,10,40.0,1,255,65536.0,1048576.0,1.0,2147483645.0,,1.0,1.0,YES,N,0.0,0.0,0.0,0.0,0.0,0.0,0.0,0.0,         1,         1,    N,ENABLED,0.0,2014-05-29 13:16:07,NO,,N,N,NO,DEFAULT,DEFAULT,DEFAULT,DISABLED,YES,NO,,DISABLED,YES,,DISABLED,DISABLED,,NO,NO,YES,DEFAULT
OUTLN,OL$HINTS,SYSTEM,,,VALID,10,40.0,1,255,65536.0,1048576.0,1.0,2147483645.0,,1.0,1.0,YES,N,0.0,0.0,0.0,0.0,0.0,0.0,0.0,0.0,         1,         1,    N,ENABLED,0.0,2014-05-29 13:16:07,NO,,N,N,NO,DEFAULT,DEFAULT,DEFAULT,DISABLED,YES,NO,,DISABLED,YES,,DISABLED,DISABLED,,NO,NO,YES,DEFAULT
OUTLN,OL$NODES,SYSTEM,,,VALID,10,40.0,1,255,65536.0,1048576.0,1.0,2147483645.0,,1.0,1.0,YES,N,0.0,0.0,0.0,0.0,0.0,0.0,0.0,0.0,         1,         1,    N,ENABLED,0.0,2014-05-29 13:16:07,NO,,N,N,NO,DEFAULT,DEFAULT,DEFAULT,DISABLED,YES,NO,,DISABLED,YES,,DISABLED,DISABLED,,NO,NO,YES,DEFAULT
SYS,AUDIT_ACTIONS,SYSTEM,,,VALID,10,40.0,1,255,65536.0,1048576.0,1.0,2147483645.0,,1.0,1.0,YES,N,180.0,1.0,0.0,0.0,0.0,19.0,0.0,0.0,         1,         1,    N,ENABLED,180.0,2014-05-29 13:17:03,NO,,N,N,NO,DEFAULT,DEFAULT,DEFAULT,DISABLED,YES,NO,,DISABLED,YES,,DISABLED,DISABLED,,NO,NO,YES,DEFAULT
SYS,PSTUBTBL,,,,VALID,10,40.0,1,255,,,,,,1.0,1.0,NO,N,,,,,,,,,         1,         1,    N,ENABLED,,,NO,,Y,N,NO,DEFAULT,DEFAULT,DEFAULT,DISABLED,NO,NO,SYS$SESSION,DISABLED,NO,,DISABLED,DISABLED,BASIC,NO,NO,YES,DEFAULT
SYS,WRI$_ADV_ASA_RECO_DATA,,,,VALID,10,40.0,1,255,,,,,,1.0,1.0,NO,N,,,,,,,,,         1,         1,    N,ENABLED,,,NO,,Y,N,NO,DEFAULT,DEFAULT,DEFAULT,DISABLED,NO,NO,SYS$SESSION,DISABLED,NO,,DISABLED,DISABLED,BASIC,NO,NO,YES,DEFAULT
SYS,PLAN_TABLE$,,,,VALID,10,40.0,1,255,,,,,,1.0,1.0,NO,N,,,,,,,,,         1,         1,    N,ENABLED,,,NO,,Y,N,NO,DEFAULT,DEFAULT,DEFAULT,DISABLED,NO,NO,SYS$SESSION,DISABLED,NO,,DISABLED,DISABLED,BASIC,NO,NO,YES,DEFAULT
SYSTEM,OL$,,,,VALID,10,40.0,1,255,,,,,,1.0,1.0,NO,N,,,,,,,,,         1,         1,    N,ENABLED,,,NO,,Y,N,NO,DEFAULT,DEFAULT,DEFAULT,DISABLED,NO,NO,SYS$SESSION,DISABLED,NO,,DISABLED,DISABLED,BASIC,NO,NO,YES,DEFAULT
SYSTEM,OL$HINTS,,,,VALID,10,40.0,1,255,,,,,,1.0,1.0,NO,N,,,,,,,,,         1,         1,    N,ENABLED,,,NO,,Y,N,NO,DEFAULT,DEFAULT,DEFAULT,DISABLED,NO,NO,SYS$SESSION,DISABLED,NO,,DISABLED,DISABLED,BASIC,NO,NO,YES,DEFAULT
SYSTEM,OL$NODES,,,,VALID,10,40.0,1,255,,,,,,1.0,1.0,NO,N,,,,,,,,,         1,         1,    N,ENABLED,,,NO,,Y,N,NO,DEFAULT,DEFAULT,DEFAULT,DISABLED,NO,NO,SYS$SESSION,DISABLED,NO,,DISABLED,DISABLED,BASIC,NO,NO,YES,DEFAULT
SYS,KU$NOEXP_TAB,,,,VALID,10,40.0,1,255,,,,,,1.0,1.0,NO,N,,,,,,,,,         1,         1,    N,ENABLED,,,NO,,Y,N,NO,DEFAULT,DEFAULT,DEFAULT,DISABLED,NO,NO,SYS$SESSION,DISABLED,NO,,DISABLED,DISABLED,BASIC,NO,NO,YES,DEFAULT
SYS,KU$_LIST_FILTER_TEMP,,,,VALID,10,40.0,1,255,,,,,,1.0,1.0,NO,N,,,,,,,,,         1,         1,    N,ENABLED,,,NO,,Y,N,NO,DEFAULT,DEFAULT,DEFAULT,DISABLED,NO,NO,SYS$SESSION,DISABLED,NO,,DISABLED,DISABLED,BASIC,NO,NO,YES,DEFAULT
SYS,KU$_LIST_FILTER_TEMP_2,,,,VALID,10,40.0,1,255,,,,,,1.0,1.0,NO,N,,,,,,,,,         1,         1,    N,ENABLED,,,NO,,Y,N,NO,DEFAULT,DEFAULT,DEFAULT,DISABLED,NO,NO,SYS$SESSION,DISABLED,NO,,DISABLED,DISABLED,BASIC,NO,NO,YES,DEFAULT
SYS,WRR$_REPLAY_CALL_FILTER,SYSAUX,,,VALID,10,,1,255,65536.0,1048576.0,1.0,2147483645.0,,,,YES,N,0.0,0.0,0.0,0.0,0.0,0.0,0.0,0.0,         1,         1,    N,ENABLED,0.0,2014-05-29 13:17:45,NO,,N,N,NO,DEFAULT,DEFAULT,DEFAULT,DISABLED,YES,NO,,DISABLED,YES,,DISABLED,DISABLED,,NO,NO,YES,DEFAULT
SYS,ODCI_SECOBJ$,,,,VALID,10,40.0,1,255,,,,,,1.0,1.0,NO,N,,,,,,,,,         1,         1,    N,ENABLED,,,NO,,Y,N,NO,DEFAULT,DEFAULT,DEFAULT,DISABLED,NO,NO,SYS$SESSION,DISABLED,NO,,DISABLED,DISABLED,BASIC,NO,NO,YES,DEFAULT
SYS,ODCI_WARNINGS$,,,,VALID,10,40.0,1,255,,,,,,1.0,1.0,NO,N,,,,,,,,,         1,         1,    N,ENABLED,,,NO,,Y,N,NO,DEFAULT,DEFAULT,DEFAULT,DISABLED,NO,NO,SYS$SESSION,DISABLED,NO,,DISABLED,DISABLED,BASIC,NO,NO,YES,DEFAULT
SYS,ODCI_PMO_ROWIDS$,,,,VALID,10,40.0,1,255,,,,,,1.0,1.0,NO,N,,,,,,,,,         1,         1,    N,ENABLED,,,NO,,Y,N,NO,DEFAULT,DEFAULT,DEFAULT,DISABLED,NO,NO,SYS$SESSION,DISABLED,NO,,DISABLED,DISABLED,BASIC,NO,NO,YES,DEFAULT
SYS,HS_BULKLOAD_VIEW_OBJ,SYSTEM,,,VALID,10,40.0,1,255,65536.0,1048576.0,1.0,2147483645.0,,1.0,1.0,YES,N,0.0,0.0,0.0,0.0,0.0,0.0,0.0,0.0,         1,         1,    N,ENABLED,0.0,2014-05-29 13:17:11,NO,,N,N,NO,DEFAULT,DEFAULT,DEFAULT,DISABLED,YES,NO,,DISABLED,YES,,DISABLED,DISABLED,,NO,NO,YES,DEFAULT
SYS,HS_PARTITION_COL_NAME,SYSTEM,,,VALID,10,40.0,1,255,65536.0,1048576.0,1.0,2147483645.0,,1.0,1.0,YES,N,0.0,0.0,0.0,0.0,0.0,0.0,0.0,0.0,         1,         1,    N,ENABLED,0.0,2014-05-29 13:17:11,NO,,N,N,YES,DEFAULT,DEFAULT,DEFAULT,DISABLED,YES,NO,,DISABLED,YES,,DISABLED,DISABLED,,NO,NO,YES,DEFAULT
SYS,HS_PARTITION_COL_TYPE,SYSTEM,,,VALID,10,40.0,1,255,65536.0,1048576.0,1.0,2147483645.0,,1.0,1.0,YES,N,0.0,0.0,0.0,0.0,0.0,0.0,0.0,0.0,         1,         1,    N,ENABLED,0.0,2014-05-29 13:17:11,NO,,N,N,YES,DEFAULT,DEFAULT,DEFAULT,DISABLED,YES,NO,,DISABLED,YES,,DISABLED,DISABLED,,NO,NO,YES,DEFAULT
SYS,HS$_PARALLEL_METADATA,SYSTEM,,,VALID,10,40.0,1,255,65536.0,1048576.0,1.0,2147483645.0,,1.0,1.0,YES,N,0.0,0.0,0.0,0.0,0.0,0.0,0.0,0.0,         1,         1,    N,ENABLED,0.0,2014-05-29 13:17:11,NO,,N,N,NO,DEFAULT,DEFAULT,DEFAULT,DISABLED,YES,NO,,DISABLED,YES,,DISABLED,DISABLED,,NO,NO,YES,DEFAULT
SYS,IMPDP_STATS,,,,VALID,10,40.0,1,255,,,,,,1.0,1.0,NO,N,,,,,,,,,         1,         1,    N,ENABLED,,,NO,,Y,N,NO,DEFAULT,DEFAULT,DEFAULT,DISABLED,NO,NO,SYS$SESSION,DISABLED,NO,,DISABLED,DISABLED,BASIC,NO,NO,YES,DEFAULT
SYS,KU$_DATAPUMP_MASTER_11_2,,,,VALID,10,40.0,1,255,,,,,,1.0,1.0,NO,N,,,,,,,,,         1,         1,    N,ENABLED,,,NO,,Y,N,NO,DEFAULT,DEFAULT,DEFAULT,DISABLED,NO,NO,SYS$SESSION,DISABLED,NO,,DISABLED,DISABLED,BASIC,NO,NO,YES,DEFAULT
SYS,KU$_DATAPUMP_MASTER_11_1_0_7,,,,VALID,10,40.0,1,255,,,,,,1.0,1.0,NO,N,,,,,,,,,         1,         1,    N,ENABLED,,,NO,,Y,N,NO,DEFAULT,DEFAULT,DEFAULT,DISABLED,NO,NO,SYS$SESSION,DISABLED,NO,,DISABLED,DISABLED,BASIC,NO,NO,YES,DEFAULT
SYS,KU$_DATAPUMP_MASTER_11_1,,,,VALID,10,40.0,1,255,,,,,,1.0,1.0,NO,N,,,,,,,,,         1,         1,    N,ENABLED,,,NO,,Y,N,NO,DEFAULT,DEFAULT,DEFAULT,DISABLED,NO,NO,SYS$SESSION,DISABLED,NO,,DISABLED,DISABLED,BASIC,NO,NO,YES,DEFAULT
SYS,KU$_DATAPUMP_MASTER_10_1,,,,VALID,10,40.0,1,255,,,,,,1.0,1.0,NO,N,,,,,,,,,         1,         1,    N,ENABLED,,,NO,,Y,N,NO,DEFAULT,DEFAULT,DEFAULT,DISABLED,NO,NO,SYS$SESSION,DISABLED,NO,,DISABLED,DISABLED,BASIC,NO,NO,YES,DEFAULT
SYSTEM,HELP,SYSTEM,,,VALID,0,40.0,1,255,49152.0,1048576.0,1.0,2147483645.0,,1.0,1.0,YES,N,919.0,7.0,0.0,0.0,0.0,40.0,0.0,0.0,         1,         1,    N,ENABLED,919.0,2014-05-29 13:18:12,NO,,N,N,NO,DEFAULT,DEFAULT,DEFAULT,DISABLED,YES,NO,,DISABLED,YES,,DISABLED,DISABLED,,NO,NO,YES,DEFAULT
CTXSYS,DR$OBJECT_ATTRIBUTE,SYSAUX,,,VALID,10,,1,255,24576.0,24576.0,1.0,2147483645.0,,,,YES,N,484.0,13.0,0.0,0.0,0.0,79.0,0.0,0.0,         1,         1,    N,ENABLED,484.0,2014-05-29 13:18:10,NO,,N,N,NO,DEFAULT,DEFAULT,DEFAULT,DISABLED,YES,NO,,DISABLED,YES,,DISABLED,DISABLED,,NO,NO,YES,DEFAULT
CTXSYS,DR$POLICY_TAB,SYSAUX,,,VALID,10,,1,255,65536.0,1048576.0,1.0,2147483645.0,,,,YES,N,0.0,0.0,0.0,0.0,0.0,0.0,0.0,0.0,         1,         1,    N,ENABLED,0.0,2014-05-29 13:18:10,NO,,N,N,NO,DEFAULT,DEFAULT,DEFAULT,DISABLED,YES,NO,,DISABLED,YES,,DISABLED,DISABLED,,NO,NO,YES,DEFAULT
CTXSYS,DR$THS,SYSAUX,,,VALID,10,,1,255,65536.0,1048576.0,1.0,2147483645.0,,,,YES,N,0.0,0.0,0.0,0.0,0.0,0.0,0.0,0.0,         1,         1,    N,ENABLED,0.0,2014-05-29 13:18:11,NO,,N,N,NO,DEFAULT,DEFAULT,DEFAULT,DISABLED,YES,NO,,DISABLED,YES,,DISABLED,DISABLED,,NO,NO,YES,DEFAULT
CTXSYS,DR$THS_PHRASE,SYSAUX,,,VALID,10,,1,255,65536.0,1048576.0,1.0,2147483645.0,,,,YES,N,0.0,0.0,0.0,0.0,0.0,0.0,0.0,0.0,         1,         1,    N,ENABLED,0.0,2014-05-29 13:18:11,NO,,N,N,NO,DEFAULT,DEFAULT,DEFAULT,DISABLED,YES,NO,,DISABLED,YES,,DISABLED,DISABLED,,NO,NO,YES,DEFAULT
CTXSYS,DR$NUMBER_SEQUENCE,SYSAUX,,,VALID,10,,1,255,65536.0,1048576.0,1.0,2147483645.0,,,,YES,N,256.0,5.0,0.0,0.0,0.0,4.0,0.0,0.0,         1,         1,    N,ENABLED,256.0,2014-05-29 13:18:10,NO,,N,N,NO,DEFAULT,DEFAULT,DEFAULT,DISABLED,YES,NO,,DISABLED,YES,,DISABLED,DISABLED,,NO,NO,YES,DEFAULT
XDB,XDB$XIDX_IMP_T,,,,VALID,10,40.0,1,255,,,,,,1.0,1.0,NO,N,,,,,,,,,         1,         1,    N,ENABLED,,,NO,,Y,N,NO,DEFAULT,DEFAULT,DEFAULT,DISABLED,NO,NO,SYS$SESSION,DISABLED,NO,,DISABLED,DISABLED,BASIC,NO,NO,YES,DEFAULT
MDSYS,SDO_ST_TOLERANCE,,,,VALID,10,40.0,1,255,,,,,,1.0,1.0,NO,N,,,,,,,,,         1,         1,    N,ENABLED,,,NO,,Y,N,NO,DEFAULT,DEFAULT,DEFAULT,DISABLED,NO,NO,SYS$TRANSACTION,DISABLED,NO,,DISABLED,DISABLED,BASIC,NO,NO,YES,DEFAULT
MDSYS,SDO_TXN_IDX_INSERTS,,,,VALID,10,40.0,1,255,,,,,,1.0,1.0,NO,N,,,,,,,,,         1,         1,    N,ENABLED,,,NO,,Y,N,NO,DEFAULT,DEFAULT,DEFAULT,DISABLED,NO,NO,SYS$TRANSACTION,DISABLED,NO,,DISABLED,DISABLED,BASIC,NO,NO,YES,DEFAULT
MDSYS,SDO_TXN_IDX_DELETES,,,,VALID,10,40.0,1,255,,,,,,1.0,1.0,NO,N,,,,,,,,,         1,         1,    N,ENABLED,,,NO,,Y,N,NO,DEFAULT,DEFAULT,DEFAULT,DISABLED,NO,NO,SYS$TRANSACTION,DISABLED,NO,,DISABLED,DISABLED,BASIC,NO,NO,YES,DEFAULT
MDSYS,SDO_TXN_IDX_EXP_UPD_RGN,,,,VALID,10,40.0,1,255,,,,,,1.0,1.0,NO,N,,,,,,,,,         1,         1,    N,ENABLED,,,NO,,Y,N,NO,DEFAULT,DEFAULT,DEFAULT,DISABLED,NO,NO,SYS$TRANSACTION,DISABLED,NO,,DISABLED,DISABLED,BASIC,NO,NO,YES,DEFAULT
MDSYS,SDO_CS_CONTEXT_INFORMATION,,,,VALID,10,40.0,1,255,,,,,,1.0,1.0,NO,N,,,,,,,,,         1,         1,    N,ENABLED,,,NO,,Y,N,NO,DEFAULT,DEFAULT,DEFAULT,DISABLED,NO,NO,SYS$SESSION,DISABLED,NO,,DISABLED,DISABLED,BASIC,NO,NO,YES,DEFAULT
MDSYS,SRSNAMESPACE_TABLE,SYSAUX,,,VALID,10,,1,255,65536.0,1048576.0,1.0,2147483645.0,,,,YES,N,0.0,0.0,0.0,0.0,0.0,0.0,0.0,0.0,         1,         1,    N,ENABLED,0.0,2014-05-29 22:00:08,NO,,N,N,NO,DEFAULT,DEFAULT,DEFAULT,DISABLED,YES,NO,,DISABLED,YES,,DISABLED,DISABLED,,NO,NO,YES,DEFAULT
MDSYS,SDO_TOPO_TRANSACT_DATA,,,,VALID,10,40.0,1,255,,,,,,1.0,1.0,NO,N,,,,,,,,,         1,         1,    N,ENABLED,,,NO,,Y,N,NO,DEFAULT,DEFAULT,DEFAULT,DISABLED,NO,NO,SYS$TRANSACTION,DISABLED,NO,,DISABLED,DISABLED,BASIC,NO,NO,YES,DEFAULT
MDSYS,SDO_TOPO_RELATION_DATA,,,,VALID,10,40.0,1,255,,,,,,1.0,1.0,NO,N,,,,,,,,,         1,         1,    N,ENABLED,,,NO,,Y,N,NO,DEFAULT,DEFAULT,DEFAULT,DISABLED,NO,NO,SYS$TRANSACTION,DISABLED,NO,,DISABLED,DISABLED,BASIC,NO,NO,YES,DEFAULT
MDSYS,SDO_TOPO_DATA$,,,,VALID,10,40.0,1,255,,,,,,1.0,1.0,NO,N,,,,,,,,,         1,         1,    N,ENABLED,,,NO,,Y,N,NO,DEFAULT,DEFAULT,DEFAULT,DISABLED,NO,NO,SYS$TRANSACTION,DISABLED,NO,,DISABLED,DISABLED,BASIC,NO,NO,YES,DEFAULT
MDSYS,OGIS_SPATIAL_REFERENCE_SYSTEMS,SYSAUX,,,VALID,10,,1,255,65536.0,1048576.0,1.0,2147483645.0,,,,YES,N,0.0,0.0,0.0,0.0,0.0,0.0,0.0,0.0,         1,         1,    N,ENABLED,0.0,2014-05-29 22:00:08,NO,,N,N,NO,DEFAULT,DEFAULT,DEFAULT,DISABLED,YES,NO,,DISABLED,YES,,DISABLED,DISABLED,,NO,NO,YES,DEFAULT
MDSYS,OGIS_GEOMETRY_COLUMNS,SYSAUX,,,VALID,10,,1,255,65536.0,1048576.0,1.0,2147483645.0,,,,YES,N,0.0,0.0,0.0,0.0,0.0,0.0,0.0,0.0,         1,         1,    N,ENABLED,0.0,2014-05-29 22:00:08,NO,,N,N,NO,DEFAULT,DEFAULT,DEFAULT,DISABLED,YES,NO,,DISABLED,YES,,DISABLED,DISABLED,,NO,NO,YES,DEFAULT
MDSYS,SDO_UNITS_OF_MEASURE,SYSAUX,,,VALID,10,,1,255,65536.0,1048576.0,1.0,2147483645.0,,,,YES,N,132.0,5.0,0.0,0.0,0.0,81.0,0.0,0.0,         1,         1,    N,ENABLED,132.0,2014-05-29 22:00:08,NO,,N,N,NO,DEFAULT,DEFAULT,DEFAULT,DISABLED,YES,NO,,DISABLED,YES,,DISABLED,DISABLED,,NO,NO,YES,DEFAULT
MDSYS,SDO_PRIME_MERIDIANS,SYSAUX,,,VALID,10,,1,255,65536.0,1048576.0,1.0,2147483645.0,,,,YES,N,16.0,5.0,0.0,0.0,0.0,52.0,0.0,0.0,         1,         1,    N,ENABLED,16.0,2014-05-29 22:00:08,NO,,N,N,NO,DEFAULT,DEFAULT,DEFAULT,DISABLED,YES,NO,,DISABLED,YES,,DISABLED,DISABLED,,NO,NO,YES,DEFAULT
MDSYS,SDO_ELLIPSOIDS,SYSAUX,,,VALID,10,,1,255,65536.0,1048576.0,1.0,2147483645.0,,,,YES,N,96.0,5.0,0.0,0.0,0.0,85.0,0.0,0.0,         1,         1,    N,ENABLED,96.0,2014-05-29 22:00:08,NO,,N,N,NO,DEFAULT,DEFAULT,DEFAULT,DISABLED,YES,NO,,DISABLED,YES,,DISABLED,DISABLED,,NO,NO,YES,DEFAULT
MDSYS,SDO_DATUMS,SYSAUX,,,VALID,10,,1,255,65536.0,1048576.0,1.0,2147483645.0,,,,YES,N,536.0,13.0,0.0,0.0,0.0,94.0,0.0,0.0,         1,         1,    N,ENABLED,536.0,2014-05-29 22:00:11,NO,,N,N,NO,DEFAULT,DEFAULT,DEFAULT,DISABLED,YES,NO,,DISABLED,YES,,DISABLED,DISABLED,,NO,NO,YES,DEFAULT
MDSYS,SDO_COORD_SYS,SYSAUX,,,VALID,10,,1,255,65536.0,1048576.0,1.0,2147483645.0,,,,YES,N,65.0,5.0,0.0,0.0,0.0,125.0,0.0,0.0,         1,         1,    N,ENABLED,65.0,2014-05-29 22:00:09,NO,,N,N,NO,DEFAULT,DEFAULT,DEFAULT,DISABLED,YES,NO,,DISABLED,YES,,DISABLED,DISABLED,,NO,NO,YES,DEFAULT
MDSYS,SDO_COORD_AXIS_NAMES,SYSAUX,,,VALID,10,,1,255,65536.0,1048576.0,1.0,2147483645.0,,,,YES,N,28.0,5.0,0.0,0.0,0.0,18.0,0.0,0.0,         1,         1,    N,ENABLED,28.0,2014-05-29 22:00:09,NO,,N,N,NO,DEFAULT,DEFAULT,DEFAULT,DISABLED,YES,NO,,DISABLED,YES,,DISABLED,DISABLED,,NO,NO,YES,DEFAULT
MDSYS,SDO_COORD_AXES,SYSAUX,,,VALID,10,,1,255,65536.0,1048576.0,1.0,2147483645.0,,,,YES,N,139.0,5.0,0.0,0.0,0.0,25.0,0.0,0.0,         1,         1,    N,ENABLED,139.0,2014-05-29 22:00:09,NO,,N,N,NO,DEFAULT,DEFAULT,DEFAULT,DISABLED,YES,NO,,DISABLED,YES,,DISABLED,DISABLED,,NO,NO,YES,DEFAULT
MDSYS,SDO_COORD_REF_SYS,SYSAUX,,,VALID,10,,1,255,65536.0,1048576.0,1.0,2147483645.0,,,,YES,N,4449.0,244.0,0.0,0.0,0.0,204.0,0.0,0.0,         1,         1,    N,ENABLED,4449.0,2014-05-29 22:00:12,NO,,N,N,NO,DEFAULT,DEFAULT,DEFAULT,DISABLED,YES,NO,,DISABLED,YES,,DISABLED,DISABLED,,NO,NO,YES,DEFAULT
MDSYS,SDO_COORD_OP_METHODS,SYSAUX,,,VALID,10,,1,255,65536.0,1048576.0,1.0,2147483645.0,,,,YES,N,87.0,5.0,0.0,0.0,0.0,81.0,0.0,0.0,         1,         1,    N,ENABLED,87.0,2014-05-29 22:00:09,NO,,N,N,NO,DEFAULT,DEFAULT,DEFAULT,DISABLED,YES,NO,,DISABLED,YES,,DISABLED,DISABLED,,NO,NO,YES,DEFAULT
MDSYS,SDO_COORD_OPS,SYSAUX,,,VALID,10,,1,255,65536.0,1048576.0,1.0,2147483645.0,,,,YES,N,2298.0,43.0,0.0,0.0,0.0,136.0,0.0,0.0,         1,         1,    N,ENABLED,2298.0,2014-05-29 22:00:11,NO,,N,N,NO,DEFAULT,DEFAULT,DEFAULT,DISABLED,YES,NO,,DISABLED,YES,,DISABLED,DISABLED,,NO,NO,YES,DEFAULT
MDSYS,SDO_PREFERRED_OPS_SYSTEM,SYSAUX,,,VALID,10,,1,255,65536.0,1048576.0,1.0,2147483645.0,,,,YES,N,0.0,0.0,0.0,0.0,0.0,0.0,0.0,0.0,         1,         1,    N,ENABLED,0.0,2014-05-29 22:00:09,NO,,N,N,NO,DEFAULT,DEFAULT,DEFAULT,DISABLED,YES,NO,,DISABLED,YES,,DISABLED,DISABLED,,NO,NO,YES,DEFAULT
MDSYS,SDO_PREFERRED_OPS_USER,SYSAUX,,,VALID,10,,1,255,65536.0,1048576.0,1.0,2147483645.0,,,,YES,N,0.0,0.0,0.0,0.0,0.0,0.0,0.0,0.0,         1,         1,    N,ENABLED,0.0,2014-05-29 22:00:09,NO,,N,N,NO,DEFAULT,DEFAULT,DEFAULT,DISABLED,YES,NO,,DISABLED,YES,,DISABLED,DISABLED,,NO,NO,YES,DEFAULT
MDSYS,SDO_COORD_OP_PATHS,SYSAUX,,,VALID,10,,1,255,65536.0,1048576.0,1.0,2147483645.0,,,,YES,N,365.0,5.0,0.0,0.0,0.0,19.0,0.0,0.0,         1,         1,    N,ENABLED,365.0,2014-05-29 22:00:09,NO,,N,N,NO,DEFAULT,DEFAULT,DEFAULT,DISABLED,YES,NO,,DISABLED,YES,,DISABLED,DISABLED,,NO,NO,YES,DEFAULT
MDSYS,SDO_COORD_OP_PARAMS,SYSAUX,,,VALID,10,,1,255,65536.0,1048576.0,1.0,2147483645.0,,,,YES,N,153.0,5.0,0.0,0.0,0.0,59.0,0.0,0.0,         1,         1,    N,ENABLED,153.0,2014-05-29 22:00:09,NO,,N,N,NO,DEFAULT,DEFAULT,DEFAULT,DISABLED,YES,NO,,DISABLED,YES,,DISABLED,DISABLED,,NO,NO,YES,DEFAULT
MDSYS,SDO_COORD_OP_PARAM_USE,SYSAUX,,,VALID,10,,1,255,65536.0,1048576.0,1.0,2147483645.0,,,,YES,N,726.0,5.0,0.0,0.0,0.0,15.0,0.0,0.0,         1,         1,    N,ENABLED,726.0,2014-05-29 22:00:09,NO,,N,N,NO,DEFAULT,DEFAULT,DEFAULT,DISABLED,YES,NO,,DISABLED,YES,,DISABLED,DISABLED,,NO,NO,YES,DEFAULT
MDSYS,SDO_COORD_OP_PARAM_VALS,SYSAUX,,,VALID,10,,1,255,65536.0,1048576.0,1.0,2147483645.0,,,,YES,N,9829.0,43.0,0.0,0.0,0.0,24.0,0.0,0.0,         1,         1,    N,ENABLED,9829.0,2014-05-29 22:00:12,NO,,N,N,NO,DEFAULT,DEFAULT,DEFAULT,DISABLED,YES,NO,,DISABLED,YES,,DISABLED,DISABLED,,NO,NO,YES,DEFAULT
MDSYS,SDO_CS_SRS,SYSAUX,,,VALID,10,,1,255,65536.0,1048576.0,1.0,2147483645.0,,,,YES,N,4449.0,874.0,0.0,0.0,0.0,1082.0,0.0,0.0,         1,         1,    N,ENABLED,4449.0,2014-05-29 22:00:12,NO,,N,N,NO,DEFAULT,DEFAULT,DEFAULT,DISABLED,YES,NO,,DISABLED,YES,,DISABLED,DISABLED,,NO,NO,YES,DEFAULT
MDSYS,NTV2_XML_DATA,SYSAUX,,,VALID,10,,1,255,65536.0,1048576.0,1.0,2147483645.0,,,,YES,N,0.0,0.0,0.0,0.0,0.0,0.0,0.0,0.0,         1,         1,    N,ENABLED,0.0,2014-05-29 22:00:09,NO,,N,N,NO,DEFAULT,DEFAULT,DEFAULT,DISABLED,YES,NO,,DISABLED,YES,,DISABLED,DISABLED,,NO,NO,YES,DEFAULT
MDSYS,SDO_CRS_GEOGRAPHIC_PLUS_HEIGHT,SYSAUX,,,VALID,10,,1,255,65536.0,1048576.0,1.0,2147483645.0,,,,YES,N,96.0,4.0,0.0,0.0,0.0,5.0,0.0,0.0,         1,         1,    N,ENABLED,96.0,2014-05-29 22:00:09,NO,,N,N,NO,DEFAULT,DEFAULT,DEFAULT,DISABLED,YES,NO,,DISABLED,YES,,DISABLED,DISABLED,,NO,NO,YES,DEFAULT
MDSYS,SDO_PROJECTIONS_OLD_SNAPSHOT,SYSAUX,,,VALID,10,,1,255,65536.0,1048576.0,1.0,2147483645.0,,,,YES,N,42.0,5.0,0.0,0.0,0.0,20.0,0.0,0.0,         1,         1,    N,ENABLED,42.0,2014-05-29 22:00:10,NO,,N,N,NO,DEFAULT,DEFAULT,DEFAULT,DISABLED,YES,NO,,DISABLED,YES,,DISABLED,DISABLED,,NO,NO,YES,DEFAULT
MDSYS,SDO_ELLIPSOIDS_OLD_SNAPSHOT,SYSAUX,,,VALID,10,,1,255,65536.0,1048576.0,1.0,2147483645.0,,,,YES,N,47.0,5.0,0.0,0.0,0.0,27.0,0.0,0.0,         1,         1,    N,ENABLED,47.0,2014-05-29 22:00:10,NO,,N,N,NO,DEFAULT,DEFAULT,DEFAULT,DISABLED,YES,NO,,DISABLED,YES,,DISABLED,DISABLED,,NO,NO,YES,DEFAULT
MDSYS,SDO_DATUMS_OLD_SNAPSHOT,SYSAUX,,,VALID,10,,1,255,65536.0,1048576.0,1.0,2147483645.0,,,,YES,N,118.0,5.0,0.0,0.0,0.0,35.0,0.0,0.0,         1,         1,    N,ENABLED,118.0,2014-05-29 22:00:10,NO,,N,N,NO,DEFAULT,DEFAULT,DEFAULT,DISABLED,YES,NO,,DISABLED,YES,,DISABLED,DISABLED,,NO,NO,YES,DEFAULT
MDSYS,SDO_XML_SCHEMAS,SYSAUX,,,VALID,10,,1,255,65536.0,1048576.0,1.0,2147483645.0,,,,YES,N,5.0,5.0,0.0,0.0,0.0,111.0,0.0,0.0,         1,         1,    N,ENABLED,5.0,2014-05-29 22:00:10,NO,,N,N,NO,DEFAULT,DEFAULT,DEFAULT,DISABLED,YES,NO,,DISABLED,YES,,DISABLED,DISABLED,,NO,NO,YES,DEFAULT
HR,REGIONS,USERS,,,VALID,10,,1,255,65536.0,1048576.0,1.0,2147483645.0,,,,YES,N,4.0,5.0,0.0,0.0,0.0,14.0,0.0,0.0,         1,         1,    N,ENABLED,4.0,2014-05-29 13:21:56,NO,,N,N,NO,DEFAULT,DEFAULT,DEFAULT,DISABLED,YES,NO,,DISABLED,YES,,DISABLED,DISABLED,,NO,NO,YES,DEFAULT
HR,COUNTRIES,,,,VALID,0,0.0,0,0,,,,,,,,,N,25.0,,,,0.0,15.0,0.0,,         1,         1,    N,ENABLED,25.0,2014-05-29 13:21:55,NO,IOT,N,N,NO,DEFAULT,DEFAULT,DEFAULT,DISABLED,YES,NO,,DISABLED,YES,,DISABLED,DISABLED,BASIC,NO,NO,YES,DEFAULT
HR,LOCATIONS,USERS,,,VALID,10,,1,255,65536.0,1048576.0,1.0,2147483645.0,,,,YES,N,23.0,5.0,0.0,0.0,0.0,49.0,0.0,0.0,         1,         1,    N,ENABLED,23.0,2014-05-29 13:21:56,NO,,N,N,NO,DEFAULT,DEFAULT,DEFAULT,DISABLED,YES,NO,,DISABLED,YES,,DISABLED,DISABLED,,NO,NO,YES,DEFAULT
HR,DEPARTMENTS,USERS,,,VALID,10,,1,255,65536.0,1048576.0,1.0,2147483645.0,,,,YES,N,27.0,5.0,0.0,0.0,0.0,21.0,0.0,0.0,         1,         1,    N,ENABLED,27.0,2014-05-29 13:21:55,NO,,N,N,NO,DEFAULT,DEFAULT,DEFAULT,DISABLED,YES,NO,,DISABLED,YES,,DISABLED,DISABLED,,NO,NO,YES,DEFAULT
HR,JOBS,USERS,,,VALID,10,,1,255,65536.0,1048576.0,1.0,2147483645.0,,,,YES,N,19.0,5.0,0.0,0.0,0.0,33.0,0.0,0.0,         1,         1,    N,ENABLED,19.0,2014-05-29 13:21:55,NO,,N,N,NO,DEFAULT,DEFAULT,DEFAULT,DISABLED,YES,NO,,DISABLED,YES,,DISABLED,DISABLED,,NO,NO,YES,DEFAULT
HR,EMPLOYEES,USERS,,,VALID,10,,1,255,65536.0,1048576.0,1.0,2147483645.0,,,,YES,N,107.0,5.0,0.0,0.0,0.0,69.0,0.0,0.0,         1,         1,    N,ENABLED,107.0,2014-05-29 13:21:55,NO,,N,N,NO,DEFAULT,DEFAULT,DEFAULT,DISABLED,YES,NO,,DISABLED,YES,,DISABLED,DISABLED,,NO,NO,YES,DEFAULT
HR,JOB_HISTORY,USERS,,,VALID,10,,1,255,65536.0,1048576.0,1.0,2147483645.0,,,,YES,N,10.0,5.0,0.0,0.0,0.0,31.0,0.0,0.0,         1,         1,    N,ENABLED,10.0,2014-05-29 13:21:56,NO,,N,N,NO,DEFAULT,DEFAULT,DEFAULT,DISABLED,YES,NO,,DISABLED,YES,,DISABLED,DISABLED,,NO,NO,YES,DEFAULT
APEX_040000,WWV_FLOW_LOV_TEMP,,,,VALID,10,40.0,1,255,,,,,,1.0,1.0,NO,N,,,,,,,,,         1,         1,    N,ENABLED,,,NO,,Y,N,NO,DEFAULT,DEFAULT,DEFAULT,DISABLED,NO,NO,SYS$TRANSACTION,DISABLED,NO,,DISABLED,DISABLED,BASIC,NO,NO,YES,DEFAULT
APEX_040000,WWV_FLOW_DUAL100,SYSAUX,,,VALID,10,,1,255,65536.0,1048576.0,1.0,2147483645.0,,,,YES,N,100.0,5.0,0.0,0.0,0.0,3.0,0.0,0.0,         1,         1,    N,ENABLED,100.0,2014-05-29 13:32:13,NO,,N,N,NO,DEFAULT,DEFAULT,DEFAULT,DISABLED,YES,NO,,DISABLED,YES,,DISABLED,DISABLED,,NO,NO,YES,DEFAULT
APEX_040000,WWV_FLOW_TEMP_TABLE,,,,VALID,10,40.0,1,255,,,,,,1.0,1.0,NO,N,,,,,,,,,         1,         1,    N,ENABLED,,,NO,,Y,N,NO,DEFAULT,DEFAULT,DEFAULT,DISABLED,NO,NO,SYS$TRANSACTION,DISABLED,NO,,DISABLED,DISABLED,BASIC,NO,NO,YES,DEFAULT
HR,EVENT_HEARTBEAT,USERS,,,VALID,10,,1,255,65536.0,1048576.0,1.0,2147483645.0,,,,YES,N,0.0,0.0,0.0,0.0,0.0,0.0,0.0,0.0,         1,         1,    N,ENABLED,0.0,2019-03-15 22:00:07,NO,,N,N,NO,DEFAULT,DEFAULT,DEFAULT,DISABLED,YES,NO,,DISABLED,YES,,DISABLED,DISABLED,,NO,NO,YES,DEFAULT
HR,EVENT_DEPENDENCY,USERS,,,VALID,10,,1,255,65536.0,1048576.0,1.0,2147483645.0,,,,YES,N,0.0,0.0,0.0,0.0,0.0,0.0,0.0,0.0,         1,         1,    N,ENABLED,0.0,2019-03-15 22:00:07,NO,,N,N,NO,DEFAULT,DEFAULT,DEFAULT,DISABLED,YES,NO,,DISABLED,YES,,DISABLED,DISABLED,,NO,NO,YES,DEFAULT
HR,EVENT_CONFIG,USERS,,,VALID,10,,1,255,65536.0,1048576.0,1.0,2147483645.0,,,,YES,N,1.0,5.0,0.0,0.0,0.0,55.0,0.0,0.0,         1,         1,    N,ENABLED,1.0,2019-03-15 22:00:07,NO,,N,N,NO,DEFAULT,DEFAULT,DEFAULT,DISABLED,YES,NO,,DISABLED,YES,,DISABLED,DISABLED,,NO,NO,YES,DEFAULT
HR,TAB1,USERS,,,VALID,10,,1,255,65536.0,1048576.0,1.0,2147483645.0,,,,YES,N,8.0,5.0,0.0,0.0,0.0,10.0,0.0,0.0,         1,         1,    N,ENABLED,8.0,2019-05-04 06:00:03,NO,,N,N,NO,DEFAULT,DEFAULT,DEFAULT,DISABLED,YES,NO,,DISABLED,YES,,DISABLED,DISABLED,,NO,NO,YES,DEFAULT
HR,TAB2,USERS,,,VALID,10,,1,255,65536.0,1048576.0,1.0,2147483645.0,,,,YES,N,0.0,0.0,0.0,0.0,0.0,0.0,0.0,0.0,         1,         1,    N,ENABLED,0.0,2019-05-04 06:00:03,NO,,N,N,NO,DEFAULT,DEFAULT,DEFAULT,DISABLED,YES,NO,,DISABLED,YES,,DISABLED,DISABLED,,NO,NO,YES,DEFAULT
HR,TAB3,USERS,,,VALID,10,,1,255,65536.0,1048576.0,1.0,2147483645.0,,,,YES,N,0.0,0.0,0.0,0.0,0.0,0.0,0.0,0.0,         1,         1,    N,ENABLED,0.0,2019-05-04 17:09:46,NO,,N,N,NO,DEFAULT,DEFAULT,DEFAULT,DISABLED,YES,NO,,DISABLED,YES,,DISABLED,DISABLED,,NO,NO,YES,DEFAULT
HR,GET_TOP2_AMT,USERS,,,VALID,10,,1,255,65536.0,1048576.0,1.0,2147483645.0,,,,YES,N,10.0,5.0,0.0,0.0,0.0,14.0,0.0,0.0,         1,         1,    N,ENABLED,10.0,2019-07-12 22:00:03,NO,,N,N,NO,DEFAULT,DEFAULT,DEFAULT,DISABLED,YES,NO,,DISABLED,YES,,DISABLED,DISABLED,,NO,NO,YES,DEFAULT
